name;email;type;member_join_date;borrow_limit;duration
Lenee Latimer;llatimer0@sfgate.com;individual;11/27/2023;3;784
Orson Treasaden;otreasaden1@yelp.com;individual;12.9.2023;3;663
Hobard Bendtsen;hbendtsen2@census.gov;individual;1.8.2023;3;886
Jillana Dollman;jdollman3@hao123.com;individual;9.1.2023;3;734
Herb Pedycan;hpedycan4@dagondesign.com;individual;6/13/2023;3;972
Athena Tunstall;atunstall5@guardian.co.uk;individual;2/16/2023;3;263
Helga Burbridge;hburbridge6@desdev.cn;individual;4.3.2023;3;89
Reece Polino;rpolino7@behance.net;individual;1/20/2023;3;966
Ashil Hyne;ahyne8@deviantart.com;individual;10.9.2023;3;967
Linn Whiteland;lwhiteland9@archive.org;individual;7.11.2023;3;122
Pietro Scurr;pscurra@indiatimes.com;individual;1.12.2023;3;84
Silvana Robert;srobertb@home.pl;individual;12/30/2022;3;974
Antoni McMillam;amcmillamc@furl.net;individual;4/15/2023;3;946
Bell Hansemann;bhansemannd@netlog.com;individual;5/17/2023;3;141
Avivah Gilroy;agilroye@tamu.edu;individual;9/21/2023;3;999
Dorie Cicutto;dcicuttof@auda.org.au;individual;5.12.2023;3;115
Modestia Quayle;mquayleg@privacy.gov.au;individual;8/30/2023;3;248
Perry Mussared;pmussaredh@discovery.com;individual;11/25/2023;3;165
Linus Mattedi;lmattedii@example.com;individual;6/18/2023;3;801
Cherey Leyborne;cleybornej@gravatar.com;individual;4/14/2023;3;199
Frederique O'Breen;fobreenk@irs.gov;individual;6/26/2023;3;428
Conny York;cyorkl@yolasite.com;individual;12.8.2023;3;514
Terencio Beecham;tbeechamm@bandcamp.com;individual;1.12.2023;3;137
Pollyanna Preddle;ppreddlen@skyrock.com;individual;11/27/2023;3;143
Janine Witchalls;jwitchallso@princeton.edu;individual;11/17/2023;3;139
Lise Nerney;lnerneyp@ucsd.edu;individual;8/27/2023;3;639
Ronald Trowler;rtrowlerq@reddit.com;individual;2.10.2023;3;106
Letisha Drew;ldrewr@seesaa.net;individual;7/17/2023;3;589
Fritz Kippins;fkippinss@scribd.com;individual;12/26/2022;3;179
Arel Lidington;alidingtont@gravatar.com;individual;9/26/2023;3;176
Brigitte Dimsdale;bdimsdaleu@washington.edu;individual;10.3.2023;3;256
Michael Goldster;mgoldsterv@slate.com;individual;8.8.2023;3;509
Maurizio Tomney;mtomneyw@marriott.com;individual;2/25/2023;3;107
Tobiah Lequeux;tlequeuxx@altervista.org;individual;5/23/2023;3;990
Trista Fehner;tfehnery@sciencedirect.com;individual;9/20/2023;3;935
Grantham Barthorpe;gbarthorpez@cnn.com;individual;12.7.2023;3;475
Lacey Alliker;lalliker10@tuttocitta.it;individual;7/31/2023;3;670
Cassaundra Savell;csavell11@yellowbook.com;individual;9.10.2023;3;425
Lindsy Rosina;lrosina12@amazon.co.jp;individual;8.11.2023;3;863
Kristofor Lenglet;klenglet13@slideshare.net;individual;7/29/2023;3;134
Justis Pearlman;jpearlman14@ehow.com;individual;9.6.2023;3;389
Miguel Goodlud;mgoodlud15@tiny.cc;individual;7.11.2023;3;390
Valida Delicate;vdelicate16@jugem.jp;individual;9.6.2023;3;685
Lesly Tapsfield;ltapsfield17@opera.com;individual;7/22/2023;3;193
Mimi Waldren;mwaldren18@google.cn;individual;9/19/2023;3;801
Beale Ahrend;bahrend19@wordpress.org;individual;12/27/2022;3;949
Nikaniki Stanaway;nstanaway1a@drupal.org;individual;11/22/2023;3;49
Michale Stallwood;mstallwood1b@gnu.org;individual;3.6.2023;3;975
Matty Miall;mmiall1c@i2i.jp;individual;9.3.2023;3;957
Malachi Bloxsome;mbloxsome1d@mediafire.com;individual;6.1.2023;3;674
Caz Rumbellow;crumbellow1e@macromedia.com;individual;7/17/2023;3;499
Burk Champley;bchampley1f@indiegogo.com;individual;3.11.2023;3;466
Ibrahim Campsall;icampsall1g@spiegel.de;individual;9/25/2023;3;756
Leonhard Derrington;lderrington1h@weebly.com;individual;7/26/2023;3;330
Fiann Rye;frye1i@liveinternet.ru;individual;9/17/2023;3;45
Luz Coorington;lcoorington1j@hexun.com;individual;9.11.2023;3;746
Inesita Saice;isaice1k@answers.com;individual;1/29/2023;3;706
Langston Griss;lgriss1l@example.com;individual;10.2.2023;3;689
Gaby Clelland;gclelland1m@shop-pro.jp;individual;8.5.2023;3;647
Arly Gavaghan;agavaghan1n@china.com.cn;individual;1.10.2023;3;945
Vinson Marvel;vmarvel1o@icio.us;individual;1.9.2023;3;177
Lida Shepland;lshepland1p@blinklist.com;individual;11/23/2023;3;616
Tresa Philippard;tphilippard1q@nbcnews.com;individual;8.8.2023;3;793
Calida Sherrard;csherrard1r@scribd.com;individual;4/15/2023;3;917
Rufus Runnett;rrunnett1s@mediafire.com;individual;2.11.2023;3;595
Theressa De la Barre;tde1t@bloglovin.com;individual;4/14/2023;3;572
Vince Gronaller;vgronaller1u@mtv.com;individual;2/25/2023;3;913
Lanae Donwell;ldonwell1v@cornell.edu;individual;9.1.2023;3;268
Carolin Bachs;cbachs1w@yellowpages.com;individual;5/27/2023;3;882
Arlene Kilfedder;akilfedder1x@elpais.com;individual;4.4.2023;3;669
Romy Kinch;rkinch1y@51.la;individual;11.9.2023;3;673
Reilly Donett;rdonett1z@springer.com;individual;11/21/2023;3;359
Torrence Olivello;tolivello20@dailymail.co.uk;individual;8/31/2023;3;626
Mariette Mussalli;mmussalli21@is.gd;individual;9.11.2023;3;554
Thain Creeboe;tcreeboe22@bravesites.com;individual;10/24/2023;3;74
Nicolas Gulliver;ngulliver23@blog.com;individual;5/14/2023;3;225
Darb Labrow;dlabrow24@bloglines.com;individual;8/17/2023;3;370
Pandora Izakoff;pizakoff25@auda.org.au;individual;5.6.2023;3;211
Ulises Stutt;ustutt26@edublogs.org;individual;4.5.2023;3;997
Dehlia Wynett;dwynett27@wikia.com;individual;1/20/2023;3;854
Constantine Ricciardo;cricciardo28@bizjournals.com;individual;3/13/2023;3;224
Traver de Vaen;tde29@mozilla.org;individual;9/30/2023;3;719
Zaria Streetley;zstreetley2a@vkontakte.ru;individual;9/26/2023;3;730
Phelia Po;ppo2b@google.pl;individual;8/30/2023;3;439
Cate Ackeroyd;cackeroyd2c@ocn.ne.jp;individual;11.9.2023;3;681
Creigh Ciccotto;cciccotto2d@phoca.cz;individual;12/30/2022;3;638
Eberhard Oxx;eoxx2e@xrea.com;individual;5.4.2023;3;466
Enriqueta Hubberstey;ehubberstey2f@businessweek.com;individual;4/20/2023;3;500
Britni Arndt;barndt2g@stumbleupon.com;individual;1/30/2023;3;99
Correy Layhe;clayhe2h@skyrock.com;individual;7/17/2023;3;582
Richie Nasey;rnasey2i@infoseek.co.jp;individual;10/22/2023;3;46
Arri Jent;ajent2j@reverbnation.com;individual;2.5.2023;3;407
Alis Pavlovic;apavlovic2k@360.cn;individual;7/28/2023;3;864
Randee Lenard;rlenard2l@accuweather.com;individual;4.8.2023;3;893
Fay Simmans;fsimmans2m@amazon.co.uk;individual;12.4.2023;3;259
Noble Lermouth;nlermouth2n@prlog.org;individual;5.11.2023;3;791
Jacquelyn Attenburrow;jattenburrow2o@mac.com;individual;9.7.2023;3;204
Gustavo Hawkes;ghawkes2p@linkedin.com;individual;4/24/2023;3;902
Cory Brixey;cbrixey2q@mapquest.com;individual;4.11.2023;3;309
Megen Van Arsdale;mvan2r@jimdo.com;individual;11/16/2023;3;720
Murvyn Lintot;mlintot2s@earthlink.net;individual;9.5.2023;3;838
Gillian Cheetam;gcheetam2t@samsung.com;individual;3.8.2023;3;622
Thelma Minot;tminot2u@posterous.com;individual;2.7.2023;3;981
Cthrine Dubock;cdubock2v@google.com.br;individual;6.10.2023;3;509
Tallie Fishley;tfishley2w@google.com;individual;11/20/2023;3;272
Stacia Baird;sbaird2x@ihg.com;individual;5/21/2023;3;493
Ariel Mulbery;amulbery2y@theatlantic.com;individual;7/20/2023;3;913
Luigi Downer;ldowner2z@google.it;individual;1/25/2023;3;202
Nelie Relfe;nrelfe30@disqus.com;individual;12/28/2022;3;846
Sela Bullocke;sbullocke31@cafepress.com;individual;11/13/2023;3;135
Rog Roizn;rroizn32@stanford.edu;individual;10/21/2023;3;730
Dacy Inge;dinge33@vimeo.com;individual;5.7.2023;3;580
Hallsy Ghiraldi;hghiraldi34@telegraph.co.uk;individual;10.5.2023;3;738
Gerti Bore;gbore35@hp.com;individual;6/30/2023;3;249
Gweneth Lobbe;globbe36@mediafire.com;individual;10/25/2023;3;119
Fawnia Culy;fculy37@nyu.edu;individual;1/23/2023;3;906
Almeta Eyckel;aeyckel38@imdb.com;individual;1/15/2023;3;747
Crystie Beckson;cbeckson39@baidu.com;individual;10/18/2023;3;818
Aubrey Goodband;agoodband3a@intel.com;individual;7.6.2023;3;392
Lara Sked;lsked3b@earthlink.net;individual;2.12.2023;3;343
Connor Beggi;cbeggi3c@spiegel.de;individual;4.11.2023;3;788
Mateo Deex;mdeex3d@ft.com;individual;9.12.2023;3;548
Opalina Conibeer;oconibeer3e@hubpages.com;individual;12.8.2023;3;677
Sloane Houlson;shoulson3f@surveymonkey.com;individual;7.5.2023;3;445
Corliss Borrill;cborrill3g@harvard.edu;individual;8.6.2023;3;873
Annette Going;agoing3h@topsy.com;individual;7.6.2023;3;104
Alleen Riche;ariche3i@vistaprint.com;individual;8.5.2023;3;326
Margarita Warkup;mwarkup3j@cornell.edu;individual;5/30/2023;3;183
Aldous Smetoun;asmetoun3k@sourceforge.net;individual;8/13/2023;3;553
Midge Alp;malp3l@europa.eu;individual;5/18/2023;3;955
Niall Shafto;nshafto3m@parallels.com;individual;7.2.2023;3;622
Avie Liffe;aliffe3n@cornell.edu;individual;8/14/2023;3;219
Selena Seamans;sseamans3o@imageshack.us;individual;6.1.2023;3;370
Izzy Wickstead;iwickstead3p@sbwire.com;individual;7/28/2023;3;187
Danell Jannex;djannex3q@disqus.com;individual;6/28/2023;3;705
Frans Desvignes;fdesvignes3r@about.me;individual;3/25/2023;3;731
Rora Bleackly;rbleackly3s@google.nl;individual;11.1.2023;3;431
Rochella Graal;rgraal3t@google.co.uk;individual;4/16/2023;3;979
Othello Brownsey;obrownsey3u@paginegialle.it;individual;5/24/2023;3;50
Zacharia Fairbard;zfairbard3v@bloglovin.com;individual;11.11.2023;3;387
Gusty Debill;gdebill3w@bbb.org;individual;7.10.2023;3;454
Maureen Worral;mworral3x@posterous.com;individual;3/20/2023;3;625
Jobi Gottschalk;jgottschalk3y@liveinternet.ru;individual;5.11.2023;3;285
Arnie Holhouse;aholhouse3z@t-online.de;individual;1/26/2023;3;996
Cinda Langmead;clangmead40@google.co.uk;individual;1.1.2023;3;256
Fernando Callander;fcallander41@dailymotion.com;individual;3/21/2023;3;86
Addy Nichols;anichols42@ucsd.edu;individual;9.1.2023;3;196
Georas Campes;gcampes43@creativecommons.org;individual;4/16/2023;3;401
Hazel Shimmings;hshimmings44@theatlantic.com;individual;3/15/2023;3;154
Rollie Orniz;rorniz45@constantcontact.com;individual;10/20/2023;3;180
Kandace Enston;kenston46@webeden.co.uk;individual;9/13/2023;3;444
Karee Ginity;kginity47@gmpg.org;individual;4.10.2023;3;859
Danice Riseam;driseam48@google.co.jp;individual;3.4.2023;3;389
Dinnie Casajuana;dcasajuana49@umich.edu;individual;8/28/2023;3;571
Brandtr Parmiter;bparmiter4a@topsy.com;individual;11/16/2023;3;43
Elonore Debow;edebow4b@oracle.com;individual;10.6.2023;3;565
Nikolia Gladden;ngladden4c@miibeian.gov.cn;individual;9.1.2023;3;458
Andi Gritskov;agritskov4d@abc.net.au;individual;12/19/2022;3;785
Esmaria Flawith;eflawith4e@ning.com;individual;12/22/2022;3;83
Kort Khomich;kkhomich4f@geocities.com;individual;11/23/2023;3;370
Vincenz MacGibbon;vmacgibbon4g@washingtonpost.com;individual;12/25/2022;3;717
Zacharia Piola;zpiola4h@spiegel.de;individual;11.2.2023;3;352
Clare Bedow;cbedow4i@independent.co.uk;individual;3/22/2023;3;683
Tades Goucher;tgoucher4j@posterous.com;individual;12.3.2023;3;409
Adeline Madeley;amadeley4k@furl.net;individual;11.5.2023;3;59
Gauthier Brompton;gbrompton4l@blogger.com;individual;6/27/2023;3;833
Clerissa Betteridge;cbetteridge4m@rediff.com;individual;1/24/2023;3;97
Bondon Parker;bparker4n@boston.com;individual;3/31/2023;3;607
Mervin Gerdts;mgerdts4o@goo.ne.jp;individual;10.10.2023;3;104
Masha Klimecki;mklimecki4p@liveinternet.ru;individual;2.4.2023;3;958
Ruthi Martland;rmartland4q@yale.edu;individual;6/25/2023;3;950
Caterina Berr;cberr4r@hud.gov;individual;6.5.2023;3;56
Cordey Crichten;ccrichten4s@fastcompany.com;individual;11/26/2023;3;234
Normie Stailey;nstailey4t@ning.com;individual;3/30/2023;3;737
Sari Crutchfield;scrutchfield4u@blogspot.com;individual;1.11.2023;3;946
Cara Broady;cbroady4v@sun.com;individual;10.6.2023;3;687
Dorothea Brosetti;dbrosetti4w@google.com.br;individual;3/23/2023;3;486
Lowrance Eddy;leddy4x@irs.gov;individual;9/20/2023;3;16
Othello Gissing;ogissing4y@statcounter.com;individual;12.8.2023;3;673
Florida Sayers;fsayers4z@ebay.com;individual;12/31/2022;3;675
Kaja Rosborough;krosborough50@livejournal.com;individual;1/17/2023;3;175
Jasper Battin;jbattin51@baidu.com;individual;11/19/2023;3;870
Elita Robelet;erobelet52@quantcast.com;individual;5.12.2023;3;216
Ringo Tizard;rtizard53@jigsy.com;individual;3/29/2023;3;622
Sullivan Forrestor;sforrestor54@nsw.gov.au;individual;8/28/2023;3;888
Ford Mazonowicz;fmazonowicz55@cdc.gov;individual;12/14/2023;3;325
Katherina Pusill;kpusill56@harvard.edu;individual;4/30/2023;3;367
Cammie Jeske;cjeske57@dagondesign.com;individual;12.9.2023;3;112
Emerson Seckom;eseckom58@state.gov;individual;4/19/2023;3;506
Aleda Hensmans;ahensmans59@cnn.com;individual;5/16/2023;3;271
Noelle Cluelow;ncluelow5a@multiply.com;individual;1/16/2023;3;960
Harlan Marks;hmarks5b@wordpress.com;individual;11/27/2023;3;151
Jenna Babalola;jbabalola5c@g.co;individual;7/23/2023;3;636
Ibby Santore;isantore5d@technorati.com;individual;8/31/2023;3;970
Jannelle Langcaster;jlangcaster5e@wordpress.com;individual;2.4.2023;3;669
Tessi Hasloch;thasloch5f@oakley.com;individual;12/26/2022;3;657
Rosetta Stiegers;rstiegers5g@parallels.com;individual;12.4.2023;3;26
Haskell Mathieson;hmathieson5h@cisco.com;individual;6.1.2023;3;963
Hymie Lapre;hlapre5i@fastcompany.com;individual;6/21/2023;3;397
Pattie Nuccii;pnuccii5j@walmart.com;individual;1/23/2023;3;530
Danny Wensley;dwensley5k@un.org;individual;12.6.2023;3;300
Vivia Themann;vthemann5l@fotki.com;individual;12.12.2023;3;394
Bradley MacNeilly;bmacneilly5m@arizona.edu;individual;10.3.2023;3;378
Jaclin Begley;jbegley5n@tuttocitta.it;individual;11/24/2023;3;854
Even Arnott;earnott5o@ucoz.ru;individual;8/31/2023;3;762
Fey Simonazzi;fsimonazzi5p@washington.edu;individual;8.7.2023;3;156
Malvina Cleife;mcleife5q@wordpress.org;individual;12.12.2023;3;749
Marion Butts;mbutts5r@army.mil;individual;6/13/2023;3;347
Chaddy Mattosoff;cmattosoff5s@4shared.com;individual;9/24/2023;3;854
Minne Lesek;mlesek5t@bandcamp.com;individual;2/15/2023;3;904
Stella Frankland;sfrankland5u@goo.ne.jp;individual;1/18/2023;3;707
Alysia Langland;alangland5v@google.it;individual;3/18/2023;3;395
Clifford Mallebone;cmallebone5w@wsj.com;individual;3.1.2023;3;693
Torry Hedworth;thedworth5x@intel.com;individual;8.4.2023;3;534
Noni Gallety;ngallety5y@forbes.com;individual;8.5.2023;3;229
Munroe Benes;mbenes5z@alibaba.com;individual;2/13/2023;3;198
Bendite Hardison;bhardison60@gnu.org;individual;11/19/2023;3;377
Locke Trobridge;ltrobridge61@forbes.com;individual;7/21/2023;3;63
Flo Baldwin;fbaldwin62@webmd.com;individual;5/16/2023;3;88
Lenore Schuricke;lschuricke63@yelp.com;individual;8/29/2023;3;865
Bettine Pedersen;bpedersen64@de.vu;individual;3.10.2023;3;850
Errol Whines;ewhines65@yahoo.com;individual;10/30/2023;3;120
Aldous Stoggles;astoggles66@livejournal.com;individual;6/19/2023;3;548
Rozella Dorgon;rdorgon67@imageshack.us;individual;11/23/2023;3;573
Marline Savile;msavile68@google.com.au;individual;7/18/2023;3;872
Killie Tetlow;ktetlow69@walmart.com;individual;12.5.2023;3;22
Harrie Cobb;hcobb6a@constantcontact.com;individual;4/17/2023;3;322
Essy Elwood;eelwood6b@ameblo.jp;individual;2.8.2023;3;484
Hestia Schruyers;hschruyers6c@uol.com.br;individual;9/17/2023;3;998
Nevins Pirkis;npirkis6d@livejournal.com;individual;1.9.2023;3;128
Cathleen Tooher;ctooher6e@seesaa.net;individual;12.10.2023;3;622
Reggi Janssen;rjanssen6f@thetimes.co.uk;individual;3.4.2023;3;628
Udell Burchill;uburchill6g@yahoo.com;individual;1/21/2023;3;713
Mella Drakard;mdrakard6h@reddit.com;individual;4/25/2023;3;205
Edvard Keaton;ekeaton6i@wordpress.org;individual;8/14/2023;3;251
Randi Bidgood;rbidgood6j@indiatimes.com;individual;9.3.2023;3;354
Sheree Rivilis;srivilis6k@buzzfeed.com;individual;4/30/2023;3;576
Thalia Howsin;thowsin6l@paginegialle.it;individual;5.12.2023;3;260
Carr Wernher;cwernher6m@who.int;individual;1/29/2023;3;44
Karylin Troth;ktroth6n@simplemachines.org;individual;12.2.2023;3;939
Talyah Roke;troke6o@amazon.de;individual;12/23/2022;3;195
Helaina Mundell;hmundell6p@usa.gov;individual;4.2.2023;3;558
Godfrey Thorsen;gthorsen6q@auda.org.au;individual;8/15/2023;3;203
Gunilla Sweeting;gsweeting6r@tiny.cc;individual;7/25/2023;3;59
Jorey Delgardo;jdelgardo6s@networkadvertising.org;individual;5/25/2023;3;523
Miner MacAscaidh;mmacascaidh6t@google.com.au;individual;7.9.2023;3;571
Ebony Shipperbottom;eshipperbottom6u@indiegogo.com;individual;6.4.2023;3;877
Madelina Aldous;maldous6v@meetup.com;individual;11.1.2023;3;830
Agata Brameld;abrameld6w@multiply.com;individual;6.10.2023;3;887
Shanta Gillbe;sgillbe6x@hhs.gov;individual;9/18/2023;3;767
Etienne Stutte;estutte6y@sourceforge.net;individual;12/27/2022;3;2
Adan Ghiriardelli;aghiriardelli6z@livejournal.com;individual;5/23/2023;3;816
Irwinn Schrei;ischrei70@zimbio.com;individual;8.4.2023;3;443
Emmet Marikhin;emarikhin71@ning.com;individual;10/23/2023;3;44
Jase Boriston;jboriston72@europa.eu;individual;2.7.2023;3;671
Anstice Wysome;awysome73@pcworld.com;individual;5/27/2023;3;804
Niles Monkton;nmonkton74@4shared.com;individual;8/22/2023;3;929
Ogdon Yaknov;oyaknov75@vkontakte.ru;individual;8/28/2023;3;323
Joane Lebarree;jlebarree76@symantec.com;individual;4.11.2023;3;310
Prissie MacAllister;pmacallister77@behance.net;individual;10.1.2023;3;343
Waldo Kernar;wkernar78@washingtonpost.com;individual;4/27/2023;3;629
Mandie Whickman;mwhickman79@harvard.edu;individual;6/18/2023;3;501
Haze Barizeret;hbarizeret7a@clickbank.net;individual;11/16/2023;3;560
Lester Grove;lgrove7b@google.com.br;individual;11/15/2023;3;87
Steven Bourgour;sbourgour7c@xing.com;individual;12.12.2023;3;676
Patrice Bryceson;pbryceson7d@mail.ru;individual;12.1.2023;3;53
Boniface Nassie;bnassie7e@blogger.com;individual;4.10.2023;3;645
Gannie Hawthorn;ghawthorn7f@census.gov;individual;1/22/2023;3;799
Madeline Guiett;mguiett7g@ameblo.jp;individual;4/21/2023;3;936
Steve Vickar;svickar7h@example.com;individual;8.11.2023;3;895
Cesare Stanney;cstanney7i@github.io;individual;12.6.2023;3;728
Dominique Course;dcourse7j@mediafire.com;individual;2/24/2023;3;768
Jobye Bramelt;jbramelt7k@ning.com;individual;7/23/2023;3;692
Niels Norcop;nnorcop7l@netvibes.com;individual;7/31/2023;3;14
Robinet Ivanyutin;rivanyutin7m@alexa.com;individual;12.9.2023;3;408
Tarra Josephsen;tjosephsen7n@washingtonpost.com;individual;2/13/2023;3;328
Randa Cronin;rcronin7o@amazon.co.jp;individual;9/30/2023;3;783
Teodoro Klimsch;tklimsch7p@tripadvisor.com;individual;1/27/2023;3;969
Cyrus Benka;cbenka7q@technorati.com;individual;9/26/2023;3;590
Arv Leftly;aleftly7r@ted.com;individual;1.3.2023;3;375
Felicity Kaiser;fkaiser7s@elegantthemes.com;individual;11.7.2023;3;275
Humphrey Tomczak;htomczak7t@icq.com;individual;5/18/2023;3;799
Gonzales Von Brook;gvon7u@springer.com;individual;11.6.2023;3;642
Merrili McConachie;mmcconachie7v@mit.edu;individual;8/24/2023;3;794
Inness Edbrooke;iedbrooke7w@oaic.gov.au;individual;6/19/2023;3;131
Myer Radden;mradden7x@globo.com;individual;9.4.2023;3;490
Ilka Skerme;iskerme7y@tripadvisor.com;individual;11.7.2023;3;574
Zuzana Valente;zvalente7z@ocn.ne.jp;individual;11/28/2023;3;449
Lionello Darlasson;ldarlasson80@booking.com;individual;9.2.2023;3;652
Garrik Fowle;gfowle81@economist.com;individual;3.10.2023;3;698
Reidar Carrick;rcarrick82@blogtalkradio.com;individual;6.4.2023;3;348
Celestia Mignot;cmignot83@census.gov;individual;2/14/2023;3;843
Bernardo Massey;bmassey84@networksolutions.com;individual;6/18/2023;3;766
Irv Legate;ilegate85@squarespace.com;individual;7/23/2023;3;189
Simona Gilley;sgilley86@parallels.com;individual;3/24/2023;3;141
Aggi Colbertson;acolbertson87@apache.org;individual;9.4.2023;3;89
Evan Annets;eannets88@thetimes.co.uk;individual;9.4.2023;3;478
Homere Keerl;hkeerl89@google.de;individual;11.3.2023;3;980
Horton McIntosh;hmcintosh8a@blogspot.com;individual;4.12.2023;3;718
Don O'Neary;doneary8b@ebay.co.uk;individual;8/24/2023;3;977
Seymour Elton;selton8c@gmpg.org;individual;6/22/2023;3;85
Gauthier Symcock;gsymcock8d@ebay.co.uk;individual;10/29/2023;3;485
Padgett Nobbs;pnobbs8e@yahoo.com;individual;5.9.2023;3;514
Audrye Sammonds;asammonds8f@cafepress.com;individual;12/24/2022;3;224
Eolanda Ogers;eogers8g@cbsnews.com;individual;12.1.2023;3;886
Kitty Healey;khealey8h@flickr.com;individual;12/28/2022;3;801
Felice Leidecker;fleidecker8i@e-recht24.de;individual;4/24/2023;3;849
Sharia Cleal;scleal8j@mlb.com;individual;12/17/2023;3;271
Elka Lorking;elorking8k@devhub.com;individual;12.10.2023;3;154
Cale Grassin;cgrassin8l@scribd.com;individual;12.5.2023;3;847
Sauncho Tuffin;stuffin8m@reddit.com;individual;11/26/2023;3;459
Deni Fosse;dfosse8n@infoseek.co.jp;individual;1.12.2023;3;896
Willis Tompsett;wtompsett8o@discuz.net;individual;3/14/2023;3;585
Chelsea Eslie;ceslie8p@i2i.jp;individual;3/20/2023;3;877
Paige Iddison;piddison8q@tripadvisor.com;individual;6/20/2023;3;457
Glori Busch;gbusch8r@flavors.me;individual;4/24/2023;3;841
Keefer Ragsdall;kragsdall8s@exblog.jp;individual;7/27/2023;3;407
Dolorita Downham;ddownham8t@issuu.com;individual;4/17/2023;3;943
Roda Cairns;rcairns8u@nhs.uk;individual;7.1.2023;3;806
Ellette Hinkes;ehinkes8v@networkadvertising.org;individual;8/14/2023;3;203
Kin Gaynor;kgaynor8w@jugem.jp;individual;11/25/2023;3;888
Lyndy McIlhatton;lmcilhatton8x@google.co.jp;individual;8/25/2023;3;636
Cherye Masic;cmasic8y@newyorker.com;individual;4.9.2023;3;461
Ely Hast;ehast8z@networksolutions.com;individual;7.5.2023;3;924
Ware Hecks;whecks90@jugem.jp;individual;1.12.2023;3;242
Allina Kuschke;akuschke91@altervista.org;individual;8/15/2023;3;141
Paulie Wassell;pwassell92@cdbaby.com;individual;3/14/2023;3;550
Inness Udy;iudy93@engadget.com;individual;11.9.2023;3;117
Howey Lorne;hlorne94@youtu.be;individual;12.1.2023;3;948
Charis Kirwood;ckirwood95@weibo.com;individual;3/27/2023;3;185
Tristan Monnoyer;tmonnoyer96@godaddy.com;individual;10.10.2023;3;562
Stephi Inglish;singlish97@howstuffworks.com;individual;11/26/2023;3;139
Sigfrid Keynes;skeynes98@cmu.edu;individual;8/19/2023;3;694
Balduin Gillibrand;bgillibrand99@icq.com;individual;2.8.2023;3;788
Meridith Whitlam;mwhitlam9a@quantcast.com;individual;3.5.2023;3;734
Rossie Ferriman;rferriman9b@walmart.com;individual;3.9.2023;3;640
Alexander Hewes;ahewes9c@home.pl;individual;3/13/2023;3;180
Lenette Lackney;llackney9d@devhub.com;individual;6.9.2023;3;764
Berry Tatem;btatem9e@zimbio.com;individual;8/25/2023;3;554
Prue Ridoutt;pridoutt9f@alexa.com;individual;10/29/2023;3;233
Kayla Wooding;kwooding9g@wikimedia.org;individual;7.7.2023;3;384
Lusa Medina;lmedina9h@yahoo.co.jp;individual;11.9.2023;3;318
Arvie Freeborn;afreeborn9i@youku.com;individual;1/21/2023;3;50
Eustace Beevors;ebeevors9j@businessweek.com;individual;5/20/2023;3;853
Koral Squirrel;ksquirrel9k@wp.com;individual;8.6.2023;3;652
Vanna Lavalde;vlavalde9l@kickstarter.com;individual;4/30/2023;3;867
Abbot Lamartine;alamartine9m@netvibes.com;individual;6.10.2023;3;900
Cathleen Crowest;ccrowest9n@imdb.com;individual;12.5.2023;3;646
Teirtza Illyes;tillyes9o@harvard.edu;individual;2.6.2023;3;95
Jelene Felce;jfelce9p@tripod.com;individual;1/19/2023;3;980
Danella Mundell;dmundell9q@sun.com;individual;3/25/2023;3;279
Emlyn Aidler;eaidler9r@shareasale.com;individual;4.5.2023;3;463
Jeffy Moxted;jmoxted9s@e-recht24.de;individual;3/28/2023;3;717
Cirilo Corser;ccorser9t@infoseek.co.jp;individual;6/24/2023;3;965
Dallas Canizares;dcanizares9u@yellowbook.com;individual;5/31/2023;3;688
Hughie Glassman;hglassman9v@liveinternet.ru;individual;6/29/2023;3;375
Reggis Chadwin;rchadwin9w@ftc.gov;individual;4/21/2023;3;487
Kaitlynn Blankman;kblankman9x@auda.org.au;individual;6.12.2023;3;977
Palmer Guthrie;pguthrie9y@stumbleupon.com;individual;7/17/2023;3;618
Cordelie Lamke;clamke9z@artisteer.com;individual;8.2.2023;3;144
Ginger Muckle;gmucklea0@hugedomains.com;individual;3/13/2023;3;729
Adolpho Barlow;abarlowa1@dailymotion.com;individual;8/21/2023;3;910
Boyd Chaster;bchastera2@shutterfly.com;individual;9.5.2023;3;265
Vivienne Cockcroft;vcockcrofta3@samsung.com;individual;12.8.2023;3;301
Roda Mawson;rmawsona4@elegantthemes.com;individual;9/28/2023;3;350
Gustave Dannehl;gdannehla5@ihg.com;individual;12.12.2023;3;767
Munroe Goscar;mgoscara6@sogou.com;individual;9/30/2023;3;434
Una Mackness;umacknessa7@php.net;individual;5/31/2023;3;831
Kim Postlewhite;kpostlewhitea8@newyorker.com;individual;5/14/2023;3;412
Caren Daftor;cdaftora9@stumbleupon.com;individual;1/19/2023;3;110
Issy Fenne;ifenneaa@cnet.com;individual;3/27/2023;3;593
Franni Armatage;farmatageab@theglobeandmail.com;individual;2/15/2023;3;558
Joseph Conechie;jconechieac@wunderground.com;individual;9/15/2023;3;904
Yardley Bigland;ybiglandad@blinklist.com;individual;1/16/2023;3;970
Allan Airlie;aairlieae@reference.com;individual;8.5.2023;3;490
Suzie Meddows;smeddowsaf@cmu.edu;individual;4/29/2023;3;151
Ynez Widdicombe;ywiddicombeag@oracle.com;individual;11/22/2023;3;441
Cari Fenkel;cfenkelah@issuu.com;individual;10.9.2023;3;341
Rosana Frayling;rfraylingai@cnn.com;individual;6/29/2023;3;565
Germain Tadman;gtadmanaj@icq.com;individual;4/14/2023;3;560
Laural Tod;ltodak@merriam-webster.com;individual;6/23/2023;3;310
Melony Hallet;mhalletal@jalbum.net;individual;11/22/2023;3;587
Judi Toombes;jtoombesam@sohu.com;individual;10.9.2023;3;455
Augie Stringman;astringmanan@blogtalkradio.com;individual;9.2.2023;3;35
Dennet Zammett;dzammettao@sohu.com;individual;7/14/2023;3;790
Arabelle Blowes;ablowesap@flavors.me;individual;4/15/2023;3;688
Bebe Hyndman;bhyndmanaq@marriott.com;individual;4.6.2023;3;893
Analiese Randales;arandalesar@blogspot.com;individual;9/30/2023;3;414
Myra Pottage;mpottageas@paginegialle.it;individual;1.12.2023;3;438
Joelie Warman;jwarmanat@webeden.co.uk;individual;3.11.2023;3;590
Sadye Deacon;sdeaconau@theglobeandmail.com;individual;9/22/2023;3;694
Una Meriet;umerietav@ning.com;individual;9/18/2023;3;824
Twyla Lingley;tlingleyaw@etsy.com;individual;9/13/2023;3;648
Odo Bowland;obowlandax@opera.com;individual;7.4.2023;3;383
Clim Darleston;cdarlestonay@unesco.org;individual;10.6.2023;3;219
Gib Tuson;gtusonaz@theglobeandmail.com;individual;12/30/2022;3;937
Kaylyn Grieves;kgrievesb0@shop-pro.jp;individual;7/20/2023;3;914
Tami Balshaw;tbalshawb1@dagondesign.com;individual;4/29/2023;3;207
Murvyn Stirrup;mstirrupb2@state.tx.us;individual;4/24/2023;3;980
Katey Chezier;kchezierb3@mozilla.org;individual;5.4.2023;3;303
Lisle Pearson;lpearsonb4@goo.ne.jp;individual;1.11.2023;3;974
Mychal McCloud;mmccloudb5@newsvine.com;individual;7/19/2023;3;523
Amory Stringman;astringmanb6@stumbleupon.com;individual;2/26/2023;3;228
Lou Widmore;lwidmoreb7@phoca.cz;individual;11.8.2023;3;250
Isador Glavias;iglaviasb8@hexun.com;individual;11.1.2023;3;640
Reece Godard;rgodardb9@tripod.com;individual;5.8.2023;3;711
Maye Clampett;mclampettba@diigo.com;individual;8.2.2023;3;769
Lindsy Buddington;lbuddingtonbb@home.pl;individual;2.7.2023;3;826
Brien Sievewright;bsievewrightbc@nasa.gov;individual;5.3.2023;3;579
Darb Landrick;dlandrickbd@soup.io;individual;9/22/2023;3;501
Tish Feldmark;tfeldmarkbe@1und1.de;individual;3.12.2023;3;737
Marshal Henstridge;mhenstridgebf@baidu.com;individual;2/22/2023;3;459
Bancroft Diffley;bdiffleybg@gravatar.com;individual;7/18/2023;3;598
Astra Martina;amartinabh@time.com;individual;7/20/2023;3;509
Wernher Goseling;wgoselingbi@homestead.com;individual;1.5.2023;3;31
Vallie Hannent;vhannentbj@ocn.ne.jp;individual;9.10.2023;3;280
Ezmeralda Savage;esavagebk@wiley.com;individual;4/28/2023;3;458
Simmonds Seary;ssearybl@ebay.com;individual;1/23/2023;3;726
Benjamin Muddimer;bmuddimerbm@webmd.com;individual;9.7.2023;3;284
Barbi Klees;bkleesbn@digg.com;individual;9.11.2023;3;156
Wilbur Farmloe;wfarmloebo@e-recht24.de;individual;5/24/2023;3;854
Angelique Coolbear;acoolbearbp@utexas.edu;individual;6.6.2023;3;872
Donnie Penticoot;dpenticootbq@homestead.com;individual;5/18/2023;3;812
Emily Bance;ebancebr@kickstarter.com;individual;10/24/2023;3;530
Murray Swatheridge;mswatheridgebs@tripod.com;individual;3.7.2023;3;19
Reginald Marriage;rmarriagebt@virginia.edu;individual;8.11.2023;3;229
Garreth MacLice;gmaclicebu@marketwatch.com;individual;5/22/2023;3;717
Hillary O'Dennehy;hodennehybv@ustream.tv;individual;8.11.2023;3;674
Gabi Hutchin;ghutchinbw@ameblo.jp;individual;2.2.2023;3;350
Riley McNeilly;rmcneillybx@google.com.br;individual;3.6.2023;3;29
Lynnelle Treswell;ltreswellby@nyu.edu;individual;10/20/2023;3;724
Madeleine Cartman;mcartmanbz@sfgate.com;individual;6/25/2023;3;828
Tommie Giovannetti;tgiovannettic0@barnesandnoble.com;individual;1.6.2023;3;571
Joellen Epton;jeptonc1@zimbio.com;individual;7/29/2023;3;897
Morgan Burfoot;mburfootc2@dyndns.org;individual;3.5.2023;3;211
Izak Danihel;idanihelc3@oracle.com;individual;5/28/2023;3;583
Judie Bartholin;jbartholinc4@msu.edu;individual;8/24/2023;3;83
Jessie Ettels;jettelsc5@exblog.jp;individual;1/23/2023;3;901
Leena Rappa;lrappac6@infoseek.co.jp;individual;2/24/2023;3;307
Ezra Pardy;epardyc7@dedecms.com;individual;5/30/2023;3;678
Thorn Ind;tindc8@livejournal.com;individual;2/20/2023;3;195
Tyler Emlin;temlinc9@tiny.cc;individual;9/16/2023;3;467
Deb Schaffel;dschaffelca@example.com;individual;1/23/2023;3;352
Shani Warry;swarrycb@intel.com;individual;3/19/2023;3;460
Ogdon Traite;otraitecc@istockphoto.com;individual;10/25/2023;3;840
Cathleen Kirsch;ckirschcd@hibu.com;individual;4.3.2023;3;392
Payton Chillingsworth;pchillingsworthce@uol.com.br;individual;8.11.2023;3;629
Calley Sedgmond;csedgmondcf@netvibes.com;individual;4.3.2023;3;199
Angelle Cruise;acruisecg@wikimedia.org;individual;9/20/2023;3;987
Sherye Moakes;smoakesch@cornell.edu;individual;7/23/2023;3;941
Mallissa Newhouse;mnewhouseci@craigslist.org;individual;8.12.2023;3;296
Jessamyn O'Donegan;jodonegancj@auda.org.au;individual;10/24/2023;3;392
Donnajean Yurukhin;dyurukhinck@reverbnation.com;individual;11/25/2023;3;358
Land Gellert;lgellertcl@oracle.com;individual;1/29/2023;3;924
Misti Ishaki;mishakicm@jigsy.com;individual;1.12.2023;3;354
Grange Measom;gmeasomcn@ca.gov;individual;9.3.2023;3;63
Joice Hefner;jhefnerco@nbcnews.com;individual;7/13/2023;3;709
Rachelle Linggard;rlinggardcp@bing.com;individual;4.8.2023;3;378
Nady Muckleston;nmucklestoncq@posterous.com;individual;4/20/2023;3;825
Alia Dach;adachcr@netlog.com;individual;3.5.2023;3;412
Avivah Curme;acurmecs@uiuc.edu;individual;8/28/2023;3;756
Mahmud McGrann;mmcgrannct@ehow.com;individual;9/16/2023;3;293
Hedwig Leemans;hleemanscu@toplist.cz;individual;6/20/2023;3;934
Eilis Hardington;ehardingtoncv@skype.com;individual;5/28/2023;3;242
Saree Grichukhin;sgrichukhincw@squarespace.com;individual;8/14/2023;3;784
Pippy Josephoff;pjosephoffcx@freewebs.com;individual;10.12.2023;3;763
Elsie Gilleon;egilleoncy@narod.ru;individual;10.7.2023;3;570
Esmaria Walmsley;ewalmsleycz@freewebs.com;individual;7/13/2023;3;682
Karney Colenutt;kcolenuttd0@yale.edu;individual;3.10.2023;3;81
Gaven Ringham;gringhamd1@qq.com;individual;7.1.2023;3;393
Cobbie Scrivin;cscrivind2@wordpress.com;individual;10/26/2023;3;15
Nanine Guillon;nguillond3@netscape.com;individual;10.4.2023;3;811
Guss Arlow;garlowd4@wordpress.org;individual;4/14/2023;3;598
Lalo Lafont;llafontd5@weather.com;individual;11/15/2023;3;537
Siobhan Theseira;stheseirad6@bbc.co.uk;individual;3/17/2023;3;616
Daryl Pirelli;dpirellid7@google.ca;individual;1/20/2023;3;663
Udell Clemmensen;uclemmensend8@merriam-webster.com;individual;7.8.2023;3;305
Almeria Bassford;abassfordd9@tmall.com;individual;1.7.2023;3;211
Dallas Pifford;dpiffordda@indiatimes.com;individual;12/26/2022;3;760
Lauryn Winsper;lwinsperdb@about.com;individual;12/18/2022;3;783
Orella Jarry;ojarrydc@dot.gov;individual;7/24/2023;3;462
Delmore Leftley;dleftleydd@indiatimes.com;individual;11/23/2023;3;7
Andris Huke;ahukede@facebook.com;individual;4.12.2023;3;671
Roth Braybrook;rbraybrookdf@marriott.com;individual;5.10.2023;3;33
Kermit Tebbitt;ktebbittdg@lulu.com;individual;8/28/2023;3;185
Fidelia Watters;fwattersdh@slate.com;individual;2/14/2023;3;963
Kristal Glayzer;kglayzerdi@list-manage.com;individual;11/20/2023;3;532
Nichols Triggle;ntriggledj@freewebs.com;individual;4/18/2023;3;29
Pearla Bosdet;pbosdetdk@sakura.ne.jp;individual;7/30/2023;3;632
Kiri Rief;kriefdl@telegraph.co.uk;individual;3.2.2023;3;873
Kathryn Birtwhistle;kbirtwhistledm@parallels.com;individual;12/27/2022;3;834
Melonie Nightingale;mnightingaledn@nature.com;individual;11/24/2023;3;674
Malvin Giraudat;mgiraudatdo@angelfire.com;individual;2/15/2023;3;572
Dyanne Du Hamel;ddudp@alexa.com;individual;3/30/2023;3;275
Antonetta Golly;agollydq@noaa.gov;individual;5.12.2023;3;969
Kerwinn Ebunoluwa;kebunoluwadr@apache.org;individual;10.10.2023;3;55
Sarene Exon;sexonds@shutterfly.com;individual;5.4.2023;3;856
Robb Hamblington;rhamblingtondt@usda.gov;individual;7.2.2023;3;479
Flinn Corriea;fcorrieadu@ted.com;individual;2.1.2023;3;594
Leilah Spaducci;lspaduccidv@delicious.com;individual;5/25/2023;3;437
Skiles, Lind and Murphy;gswanson0@cam.ac.uk;institutional;12/26/2022;4;419
Durgan, Koss and Collier;gbeccera1@google.ca;institutional;11/24/2023;4;724
Gerhold Inc;ovardey2@cmu.edu;institutional;5/20/2023;4;556
Stracke, Lynch and Tillman;parnowitz3@cbc.ca;institutional;2.4.2023;4;606
Corkery, Altenwerth and Stracke;agino4@fema.gov;institutional;3/26/2023;4;384
Goodwin-Green;wgussin5@house.gov;institutional;12/23/2022;4;627
Feeney-McKenzie;bblanche6@altervista.org;institutional;5.5.2023;4;62
Hoeger LLC;bbiggam7@npr.org;institutional;9.12.2023;4;973
Gislason and Sons;dfairburne8@google.nl;institutional;5/18/2023;4;786
Volkman LLC;kreucastle9@epa.gov;institutional;3/31/2023;4;557
Reinger-Rolfson;mlogga@miibeian.gov.cn;institutional;8/28/2023;4;795
Gorczany, Kiehn and Murphy;egrangeb@bbb.org;institutional;12.12.2023;4;763
Haley and Sons;dshevlanec@foxnews.com;institutional;1/15/2023;4;606
Pfeffer, Wintheiser and Swift;ahabgoodd@webs.com;institutional;1.6.2023;4;197
Abernathy Group;mkelmeree@vkontakte.ru;institutional;2/22/2023;4;234
Runolfsdottir LLC;marnettf@symantec.com;institutional;6/24/2023;4;549
Huels LLC;rkuhlmeyg@drupal.org;institutional;9.3.2023;4;371
Cremin Inc;dklaggeh@pcworld.com;institutional;2/24/2023;4;81
Torp LLC;ccampai@symantec.com;institutional;3.4.2023;4;287
Schiller-Runolfsdottir;cfaersj@a8.net;institutional;10.12.2023;4;919
Shields-Renner;rhayseyk@marketwatch.com;institutional;2.10.2023;4;205
Romaguera-Lockman;vdiamentl@deviantart.com;institutional;5/27/2023;4;699
Kilback-Hilpert;edemeridam@ameblo.jp;institutional;1.10.2023;4;797
Roob-Ward;bletteresen@free.fr;institutional;2/16/2023;4;588
Rutherford Inc;edagleaso@photobucket.com;institutional;3/24/2023;4;79
Medhurst, Carroll and Fay;ytoffolinip@cdbaby.com;institutional;2/22/2023;4;38
Hoppe Group;vkennetq@linkedin.com;institutional;12/13/2023;4;16
McGlynn-Wiza;mlangridger@pcworld.com;institutional;10.10.2023;4;566
Shields Group;jpriddys@spotify.com;institutional;12/13/2023;4;319
Donnelly and Sons;ddochartyt@list-manage.com;institutional;9.7.2023;4;948
Klein-Hickle;bbrigstocku@bing.com;institutional;11/24/2023;4;246
Zboncak, Klein and Bartell;jocuddiev@sphinn.com;institutional;6/22/2023;4;51
Reilly Inc;kwoolhamw@gizmodo.com;institutional;10.9.2023;4;379
Stark-Auer;rlindseyx@lycos.com;institutional;3.7.2023;4;293
Legros, Swaniawski and Jacobson;aosculleyy@linkedin.com;institutional;9/17/2023;4;890
Kohler-Bins;dworvellz@netlog.com;institutional;2/21/2023;4;437
Pouros-Hickle;rbernhardi10@paypal.com;institutional;1/22/2023;4;513
Hilll-Gibson;epetche11@elegantthemes.com;institutional;12/31/2022;4;13
Gusikowski-Ratke;lmedgwick12@cafepress.com;institutional;8/21/2023;4;650
McLaughlin-Osinski;mmiddlehurst13@slideshare.net;institutional;10.4.2023;4;660
Kessler and Sons;scollinson14@biglobe.ne.jp;institutional;3.10.2023;4;311
Hodkiewicz-Glover;agrumell15@constantcontact.com;institutional;11.5.2023;4;719
Ratke LLC;jmaris16@a8.net;institutional;4/19/2023;4;992
Jones-Moore;mmillion17@barnesandnoble.com;institutional;2/13/2023;4;976
Daniel, Volkman and Sporer;baiton18@earthlink.net;institutional;10.8.2023;4;554
Langworth Inc;rbeagin19@bigcartel.com;institutional;11/29/2023;4;863
Klein, D'Amore and Kemmer;mgencke1a@hud.gov;institutional;6/19/2023;4;526
Feeney, Beer and Hegmann;prigmond1b@php.net;institutional;5/28/2023;4;717
Lowe LLC;ahalsworth1c@google.com;institutional;5/18/2023;4;936
Heathcote, Schoen and Lakin;mternault1d@intel.com;institutional;1/23/2023;4;965
Larson-Abbott;rsimonnet1e@barnesandnoble.com;institutional;12/30/2022;4;910
Rempel Inc;kmccarle1f@tamu.edu;institutional;5/22/2023;4;648
Kuphal, Will and Stroman;gcolvill1g@webeden.co.uk;institutional;1.5.2023;4;222
Gislason LLC;wathow1h@yellowbook.com;institutional;4/16/2023;4;135
Herman, Crist and Roberts;anorewood1i@go.com;institutional;2/15/2023;4;308
Tremblay-Tillman;bodevey1j@ftc.gov;institutional;8.2.2023;4;180
Cole, Spinka and Lubowitz;kcausey1k@cdbaby.com;institutional;9.9.2023;4;572
Leuschke and Sons;mplaskitt1l@wikimedia.org;institutional;11/25/2023;4;526
Barton, Hansen and Shields;smcculley1m@csmonitor.com;institutional;7.11.2023;4;504
Medhurst Inc;hgretton1n@ask.com;institutional;11/28/2023;4;833
Mante, Cronin and Abshire;zperch1o@google.ru;institutional;8/15/2023;4;614
Sauer-Kub;bspaughton1p@ucla.edu;institutional;3/14/2023;4;252
Bogisich, Hartmann and Legros;bdany1q@yelp.com;institutional;3/16/2023;4;29
Simonis, Feil and Greenholt;yseabridge1r@tinyurl.com;institutional;5.1.2023;4;682
Huel Inc;hallan1s@answers.com;institutional;3.2.2023;4;380
Metz, Runolfsson and Ritchie;ndomican1t@godaddy.com;institutional;2/15/2023;4;406
Stokes Group;mdawber1u@unicef.org;institutional;5/19/2023;4;407
Bartoletti-Schultz;kreichartz1v@cnbc.com;institutional;10/25/2023;4;905
Nitzsche, Barrows and Treutel;blabrom1w@webs.com;institutional;8/28/2023;4;368
Hodkiewicz LLC;rkersaw1x@wikimedia.org;institutional;4.10.2023;4;663
Wunsch-Hyatt;ialdersey1y@shinystat.com;institutional;3/13/2023;4;464
VonRueden and Sons;hscurrell1z@sciencedirect.com;institutional;1/22/2023;4;380
Runte, Wilkinson and Walsh;dbrice20@github.com;institutional;8/31/2023;4;753
Wisoky-Mosciski;gmelonby21@latimes.com;institutional;5/30/2023;4;434
Purdy, Grimes and Wintheiser;elissandri22@buzzfeed.com;institutional;8/18/2023;4;636
Frami LLC;tinnocent23@msu.edu;institutional;1.9.2023;4;873
Stiedemann Inc;lsodeau24@cisco.com;institutional;10.1.2023;4;815
Kohler, Hirthe and Muller;otynemouth25@xinhuanet.com;institutional;4.10.2023;4;875
Volkman-Mohr;cbaldin26@wunderground.com;institutional;3.9.2023;4;291
Sanford Inc;ljee27@360.cn;institutional;9/23/2023;4;70
Ward, Murray and Haley;mspino28@boston.com;institutional;9.11.2023;4;804
Boyer, Metz and Crist;lnottle29@ezinearticles.com;institutional;9/22/2023;4;474
Little-Sipes;lchewter2a@people.com.cn;institutional;12/31/2022;4;285
Herzog-Bogisich;abarsham2b@weibo.com;institutional;10.6.2023;4;515
Becker-Turcotte;canersen2c@usa.gov;institutional;11.6.2023;4;954
Jast Inc;reyre2d@cargocollective.com;institutional;8/30/2023;4;504
Mueller, Jerde and Walker;lbineham2e@answers.com;institutional;6.3.2023;4;452
Koss, Schimmel and Bogisich;blawton2f@ibm.com;institutional;11/19/2023;4;892
Tromp, Gulgowski and Boyle;mkensy2g@lulu.com;institutional;11.5.2023;4;630
Runte-Hudson;naggiss2h@pbs.org;institutional;4.7.2023;4;530
Pouros, Hamill and Kilback;rsquires2i@shutterfly.com;institutional;8/27/2023;4;286
Runolfsson, Wiegand and Harber;gbyre2j@ebay.co.uk;institutional;11/24/2023;4;12
Gusikowski, Luettgen and Bruen;mcovell2k@etsy.com;institutional;12/20/2022;4;98
Wunsch and Sons;korfeur2l@github.com;institutional;9/27/2023;4;967
Rogahn Group;fkleinstub2m@forbes.com;institutional;6.6.2023;4;935
Erdman Inc;aridgway2n@senate.gov;institutional;4.6.2023;4;989
McKenzie-Carter;ehadgraft2o@fda.gov;institutional;5/23/2023;4;564
Bogan and Sons;mvint2p@ustream.tv;institutional;7.11.2023;4;977
Fay LLC;ctresise2q@springer.com;institutional;1/31/2023;4;665
Okuneva, Lueilwitz and Osinski;orawkesby2r@usatoday.com;institutional;10.1.2023;4;412
Champlin and Sons;cjaeggi2s@vinaora.com;institutional;11/28/2023;4;876
Kuhlman-Johnson;awickrath2t@youku.com;institutional;9/13/2023;4;24
Stanton, Cronin and Leffler;clabuschagne2u@creativecommons.org;institutional;6.7.2023;4;103
Nolan, Cronin and Welch;pferrao2v@cbsnews.com;institutional;5/22/2023;4;336
Will Inc;kseamen2w@arstechnica.com;institutional;9/25/2023;4;302
Ferry Group;bbattelle2x@squarespace.com;institutional;9/27/2023;4;936
Goldner-Ryan;teddolls2y@salon.com;institutional;11/23/2023;4;31
Quigley, Hickle and Trantow;tfrawley2z@lycos.com;institutional;3.11.2023;4;619
Legros-Emmerich;erainy30@cbc.ca;institutional;5/23/2023;4;991
Zieme and Sons;fharriott31@jigsy.com;institutional;4/25/2023;4;803
Koch, Hauck and Funk;ehannant32@vkontakte.ru;institutional;2/15/2023;4;999
Doyle-Baumbach;khungerford33@plala.or.jp;institutional;5.5.2023;4;646
Kerluke, Hoppe and Schmeler;amollindinia34@smh.com.au;institutional;9.5.2023;4;10
Conn and Sons;scrippin35@merriam-webster.com;institutional;11.4.2023;4;855
Dach, Sipes and Prosacco;jskirvin36@forbes.com;institutional;4/14/2023;4;59
Kris-Upton;mscarth37@slashdot.org;institutional;11/14/2023;4;815
Jast Inc;bhaines38@npr.org;institutional;3/17/2023;4;130
Carroll and Sons;lmuslim39@github.io;institutional;12/14/2023;4;941
Goodwin-Howell;spancoast3a@zdnet.com;institutional;9.10.2023;4;390
Nienow Inc;pgytesham3b@comcast.net;institutional;12.1.2023;4;647
Daugherty, Brakus and Macejkovic;tspence3c@disqus.com;institutional;1/25/2023;4;47
Schaefer-Hammes;hgarmston3d@mozilla.com;institutional;4/17/2023;4;450
Harris-Buckridge;aradish3e@marriott.com;institutional;4.10.2023;4;447
Herman-Frami;ecapaldo3f@prweb.com;institutional;12.9.2023;4;810
Zulauf-Mayer;ltaggett3g@soundcloud.com;institutional;4.6.2023;4;647
Monahan-Haley;mswafford3h@rambler.ru;institutional;3/23/2023;4;495
Haley Group;lsutterfield3i@delicious.com;institutional;4/25/2023;4;171
Reilly, Schuppe and Marks;ffetherstan3j@chron.com;institutional;10/29/2023;4;418
Ruecker, Hirthe and Aufderhar;fmarcome3k@narod.ru;institutional;9.9.2023;4;974
Dietrich, Kertzmann and Stamm;msimmonite3l@netscape.com;institutional;3/26/2023;4;122
Hessel, Parisian and Jacobs;etuxell3m@free.fr;institutional;4/23/2023;4;55
Ondricka, Feest and Goldner;dsouthard3n@cbc.ca;institutional;12/23/2022;4;536
Heller Group;salelsandrovich3o@merriam-webster.com;institutional;11.2.2023;4;180
Ryan, Padberg and Schoen;yfidler3p@reuters.com;institutional;5/20/2023;4;595
Legros, Steuber and Hermann;fduffin3q@hugedomains.com;institutional;3.8.2023;4;930
Jakubowski-Barton;lhavvock3r@acquirethisname.com;institutional;9.6.2023;4;279
Hills-Lakin;bessberger3s@youtu.be;institutional;11.5.2023;4;404
Goodwin, Kuhn and Wilkinson;jfiddeman3t@printfriendly.com;institutional;11/24/2023;4;389
Boehm Group;reastmond3u@wp.com;institutional;11/28/2023;4;106
Volkman, Hegmann and Cummings;wmcneigh3v@apple.com;institutional;6/29/2023;4;399
Towne, Mraz and Schimmel;mburnsall3w@businessweek.com;institutional;5/31/2023;4;537
Wyman, Quitzon and Bednar;ncongreave3x@wikispaces.com;institutional;12/22/2022;4;618
Hamill-Jenkins;afeld3y@sakura.ne.jp;institutional;2.11.2023;4;446
Parisian-Renner;viacobacci3z@nhs.uk;institutional;6.3.2023;4;653
Botsford and Sons;tgothard40@mapy.cz;institutional;6.5.2023;4;321
Jones LLC;naronow41@techcrunch.com;institutional;6/30/2023;4;470
Mueller-VonRueden;kmatyushkin42@ihg.com;institutional;6/26/2023;4;577
Kling-Cormier;tscarisbrick43@jiathis.com;institutional;4/27/2023;4;657
Cruickshank, Schimmel and Lind;gmaase44@jimdo.com;institutional;1.10.2023;4;357
Murphy LLC;fohannigan45@uiuc.edu;institutional;3/26/2023;4;869
Conroy-Dibbert;atrimbey46@deliciousdays.com;institutional;2/16/2023;4;646
Walker Inc;spetegre47@e-recht24.de;institutional;5.1.2023;4;270
Sporer-Kautzer;clawful48@sakura.ne.jp;institutional;4/17/2023;4;932
Murazik and Sons;tprattington49@patch.com;institutional;7/28/2023;4;60
Jerde, Hills and Leffler;yshilburne4a@google.com.br;institutional;1/17/2023;4;888
Heidenreich Inc;estuther4b@chron.com;institutional;6/30/2023;4;950
Pollich LLC;jhansed4c@prlog.org;institutional;1/17/2023;4;129
Nikolaus and Sons;cflageul4d@nyu.edu;institutional;12/24/2022;4;431
Hayes and Sons;mgarley4e@dmoz.org;institutional;9/21/2023;4;399
Bahringer-Paucek;bandryushchenko4f@nifty.com;institutional;4.4.2023;4;841
Williamson-Wisozk;ekordt4g@cbc.ca;institutional;8/28/2023;4;78
Wisoky-Nikolaus;brudolph4h@forbes.com;institutional;3.1.2023;4;962
Rutherford-Wiegand;ghitchens4i@berkeley.edu;institutional;6/24/2023;4;553
Monahan-Conroy;mredhouse4j@pbs.org;institutional;10.5.2023;4;407
Sporer, West and Schiller;wbeevers4k@archive.org;institutional;8/28/2023;4;58
Cole, Thompson and Nitzsche;kniesing4l@usgs.gov;institutional;2/21/2023;4;345
Stoltenberg Group;croache4m@ehow.com;institutional;1/15/2023;4;800
Boehm Group;apardi4n@ihg.com;institutional;10/27/2023;4;376
Hills Inc;dgregor4o@mediafire.com;institutional;6/20/2023;4;949
Shanahan-Gislason;ftrudgion4p@jalbum.net;institutional;11/26/2023;4;887
Cormier-Leuschke;rgarrish4q@icq.com;institutional;1/26/2023;4;523
Herzog Inc;acarslaw4r@exblog.jp;institutional;2.7.2023;4;234
Hagenes-Gottlieb;rnelson4s@pagesperso-orange.fr;institutional;12/16/2023;4;375
Homenick-Okuneva;ochristal4t@cisco.com;institutional;12.10.2023;4;163
Runolfsdottir-Schmidt;pskittles4u@youtu.be;institutional;8/28/2023;4;612
Lang, Goodwin and Jacobi;msizzey4v@businessinsider.com;institutional;2/22/2023;4;792
Kuphal, Christiansen and Bins;fcornfoot4w@wiley.com;institutional;2/22/2023;4;585
Haag-Swaniawski;coloughran4x@ihg.com;institutional;7/22/2023;4;66
Turner, Lebsack and Funk;mdumbell4y@nytimes.com;institutional;7.4.2023;4;638
Price-Braun;lspeed4z@cdbaby.com;institutional;8/15/2023;4;664
Rosenbaum-Emard;kempson50@msu.edu;institutional;7.8.2023;4;718
Kozey, Howell and Mante;kmortel51@slashdot.org;institutional;5/25/2023;4;698
Kessler Inc;mrowatt52@jimdo.com;institutional;9/14/2023;4;507
Runolfsdottir-Breitenberg;hbeckhurst53@com.com;institutional;3.6.2023;4;604
Mann, Larkin and Ortiz;uboar54@linkedin.com;institutional;5/28/2023;4;720
Frami-Emmerich;rfranzonetti55@icq.com;institutional;11.8.2023;4;959
Nienow, Beer and Jast;rsenior56@hubpages.com;institutional;10/25/2023;4;382
Durgan Group;celement57@forbes.com;institutional;8.2.2023;4;33
Spinka, Blick and Harber;siggalden58@cloudflare.com;institutional;9/29/2023;4;418
Gleichner-Schiller;dhutcheson59@weebly.com;institutional;7.4.2023;4;655
Friesen, Gleichner and Ziemann;lcurrum5a@uiuc.edu;institutional;8/26/2023;4;630
Kerluke Group;gbenn5b@amazon.com;institutional;3/22/2023;4;872
Ortiz and Sons;sstickells5c@flickr.com;institutional;12.6.2023;4;430
Littel LLC;eifill5d@tumblr.com;institutional;2/26/2023;4;686
Hackett, Hartmann and Kerluke;etate5e@nbcnews.com;institutional;9.1.2023;4;246
Mosciski and Sons;cjurgensen5f@telegraph.co.uk;institutional;5/29/2023;4;95
Herzog-Hintz;bmartyntsev5g@vimeo.com;institutional;3/26/2023;4;809
Will, Stamm and Jakubowski;smoncarr5h@reference.com;institutional;9/19/2023;4;549
Jaskolski, Schmitt and Yundt;bsandeford5i@liveinternet.ru;institutional;6/25/2023;4;630
McKenzie-Purdy;tbremmell5j@mail.ru;institutional;9/13/2023;4;419
Runolfsdottir-Oberbrunner;hplait5k@discovery.com;institutional;2.9.2023;4;303
Macejkovic-Dach;bakrigg5l@answers.com;institutional;11.8.2023;4;707
Lubowitz, Ullrich and Schowalter;mmapstone5m@washington.edu;institutional;10/23/2023;4;4
Goyette Inc;bproger5n@infoseek.co.jp;institutional;2.8.2023;4;561
Parker-Wiegand;ejandourek5o@bbb.org;institutional;1/26/2023;4;211
Hermann Inc;kdecruse5p@zimbio.com;institutional;10/23/2023;4;298
McKenzie-Hermann;imcgaughay5q@blogs.com;institutional;3/13/2023;4;108
Cummings, Price and Nader;okubal5r@illinois.edu;institutional;5.9.2023;4;977
Hettinger LLC;amcalester5s@google.cn;institutional;10/26/2023;4;20
Hammes, Zulauf and O'Hara;rspeer5t@simplemachines.org;institutional;8/18/2023;4;211
Klocko Group;bweeke5u@pinterest.com;institutional;6/22/2023;4;145
Wolf, Flatley and Heller;pgriswood5v@nbcnews.com;institutional;6.1.2023;4;885
Gislason and Sons;smccotter5w@smugmug.com;institutional;9.6.2023;4;362
Kilback Inc;ekonrad5x@businesswire.com;institutional;10.4.2023;4;664
Gleason-Nicolas;aocannavan5y@army.mil;institutional;1/13/2023;4;944
Nikolaus, Torp and Deckow;kheathwood5z@4shared.com;institutional;4/16/2023;4;915
Ledner-Quigley;wflude60@people.com.cn;institutional;5/18/2023;4;90
Batz-Ledner;tbramelt61@alexa.com;institutional;1.7.2023;4;553
King-Kertzmann;ctokell62@yahoo.co.jp;institutional;1/28/2023;4;128
Hahn-Abshire;ebotte63@acquirethisname.com;institutional;7/27/2023;4;727
Schultz-Macejkovic;gdecroix64@bandcamp.com;institutional;3.1.2023;4;811
Cartwright Group;gblodget65@mapy.cz;institutional;3/28/2023;4;886
Doyle Inc;dbarkes66@w3.org;institutional;12.4.2023;4;768
Lebsack, McKenzie and Gislason;kferrone67@addtoany.com;institutional;6/29/2023;4;672
Bernhard, Lindgren and Stamm;bscullion68@e-recht24.de;institutional;12/23/2022;4;452
Deckow-Tromp;cscutter69@google.ca;institutional;2.6.2023;4;691
Brekke-Hane;rryrie6a@auda.org.au;institutional;5.4.2023;4;723
Howell, Pagac and Schinner;jcordle6b@artisteer.com;institutional;10/27/2023;4;300
Lind-Cartwright;amarshal6c@ask.com;institutional;6/24/2023;4;429
Kulas-Rutherford;tclevely6d@sourceforge.net;institutional;9/14/2023;4;892
Emard and Sons;sgoodhay6e@wikia.com;institutional;2/23/2023;4;390
Kessler-Bednar;rgilardone6f@360.cn;institutional;10.7.2023;4;978
Runolfsson-Muller;rhuett6g@seesaa.net;institutional;1/27/2023;4;353
Reichel-Rippin;millesley6h@wikispaces.com;institutional;6.12.2023;4;196
Hauck, White and Oberbrunner;shazlegrove6i@census.gov;institutional;10/23/2023;4;424
Bogisich, Schaden and Breitenberg;idat6j@chicagotribune.com;institutional;11/29/2023;4;456
Ratke, Mayer and Kohler;tfathers6k@ox.ac.uk;institutional;12.10.2023;4;212
Funk Inc;fupshall6l@1und1.de;institutional;9/20/2023;4;108
O'Conner, Volkman and Turcotte;nbootes6m@newsvine.com;institutional;8.8.2023;4;729
Batz, Rice and Erdman;rsharpless6n@nytimes.com;institutional;7.11.2023;4;758
Reilly Inc;sseiffert6o@jiathis.com;institutional;12/28/2022;4;184
Welch, Swaniawski and VonRueden;erowcastle6p@usa.gov;institutional;8/16/2023;4;160
Koepp, Heathcote and Haley;istrase6q@google.com.hk;institutional;2.8.2023;4;475
Dibbert-Collins;eshaddick6r@home.pl;institutional;4.5.2023;4;953
Wisozk-Rippin;kcourcey6s@engadget.com;institutional;3.4.2023;4;67
Quitzon, Wiegand and Orn;gcarine6t@skyrock.com;institutional;8/19/2023;4;122
Towne-Kihn;pwordsley6u@fc2.com;institutional;6/14/2023;4;134
McKenzie, Heaney and Carroll;clalonde6v@bbc.co.uk;institutional;12/18/2022;4;396
Hamill-Tillman;rneal6w@cbslocal.com;institutional;2.4.2023;4;703
Connelly and Sons;hleat6x@addtoany.com;institutional;9.2.2023;4;629
Rogahn and Sons;mvaller6y@noaa.gov;institutional;11.6.2023;4;945
Russel Inc;cmold6z@indiatimes.com;institutional;10.2.2023;4;407
Reynolds-Cassin;nbartalin70@naver.com;institutional;5/25/2023;4;373
Hayes-Raynor;dmacpeice71@usnews.com;institutional;2/15/2023;4;432
Treutel, Kuhlman and Bosco;rtwydell72@amazonaws.com;institutional;12/18/2022;4;304
Koch Inc;tcarrodus73@nymag.com;institutional;4.5.2023;4;293
Will, Mohr and Bode;bsoaper74@jalbum.net;institutional;2.1.2023;4;179
Davis, Pfeffer and Hilll;dfeore75@wired.com;institutional;4/20/2023;4;846
Howell-Schaefer;ccrannach76@sciencedaily.com;institutional;5.10.2023;4;208
Price, Baumbach and Feil;erubinowicz77@harvard.edu;institutional;2.2.2023;4;976
Shanahan Group;msayer78@patch.com;institutional;5/19/2023;4;163
Hartmann, Krajcik and Mann;jshelley79@amazon.de;institutional;5.11.2023;4;676
Tremblay, Hermiston and Weimann;npriestland7a@dion.ne.jp;institutional;8.6.2023;4;483
Schroeder Group;sglabach7b@foxnews.com;institutional;1/17/2023;4;915
Kuvalis-Stracke;fmorena7c@amazon.com;institutional;1/23/2023;4;98
Gulgowski-Runolfsson;rgrigoli7d@homestead.com;institutional;11/26/2023;4;32
Jaskolski Group;mmumbray7e@economist.com;institutional;3/29/2023;4;318
Altenwerth-Larson;jhaylor7f@buzzfeed.com;institutional;11/14/2023;4;277
Schiller-Marvin;rchoppen7g@yahoo.com;institutional;5/14/2023;4;708
McLaughlin-Thiel;lmazdon7h@samsung.com;institutional;10/28/2023;4;559
Dooley, Schroeder and Conroy;cgallen7i@ihg.com;institutional;7/15/2023;4;199
Pollich, McDermott and Abbott;nlarratt7j@google.com;institutional;6.8.2023;4;949
Casper-Klein;sbarz7k@oracle.com;institutional;4.1.2023;4;729
Schmitt, Haag and Blick;rdreye7l@gov.uk;institutional;5/23/2023;4;123
Lowe Inc;dsidebotton7m@github.com;institutional;1.1.2023;4;248
Hills, Aufderhar and Labadie;chethron7n@jimdo.com;institutional;3.4.2023;4;311
Weissnat LLC;rdelamere7o@dailymotion.com;institutional;10.10.2023;4;847
Douglas-Pfeffer;spaquet7p@disqus.com;institutional;7/13/2023;4;832
Halvorson Group;shrihorovich7q@hibu.com;institutional;4.9.2023;4;694
Gibson, Gerlach and Casper;tseyfart7r@deliciousdays.com;institutional;10/20/2023;4;434
Mills, Schumm and Cartwright;gravenhill7s@people.com.cn;institutional;11/13/2023;4;148
Nienow-Weimann;spatten7t@technorati.com;institutional;5/16/2023;4;515
Waters and Sons;pkleinstern7u@cargocollective.com;institutional;8.1.2023;4;245
Wintheiser Group;rfagge7v@earthlink.net;institutional;12/15/2023;4;86
Ondricka, Miller and Little;rklewi7w@ameblo.jp;institutional;4.2.2023;4;985
Keeling, Moen and Brekke;jbrickdale7x@printfriendly.com;institutional;10/16/2023;4;944
Murazik-Weimann;wspencook7y@geocities.jp;institutional;5.10.2023;4;958
Toy Inc;dsobczak7z@ow.ly;institutional;1/13/2023;4;845
Dicki Inc;tboote80@intel.com;institutional;6.10.2023;4;526
Blick, Graham and West;amacconachy81@mediafire.com;institutional;12/23/2022;4;853
Abbott and Sons;raldersley82@wordpress.org;institutional;7/23/2023;4;111
Carroll Inc;loulner83@devhub.com;institutional;5/25/2023;4;675
Luettgen and Sons;nmonnoyer84@hubpages.com;institutional;9/22/2023;4;983
Gutkowski, Flatley and Prohaska;cwales85@people.com.cn;institutional;2.9.2023;4;567
Smith, Renner and Bradtke;hmccome86@topsy.com;institutional;6/13/2023;4;878
Spinka-Ebert;jdechelle87@canalblog.com;institutional;12/23/2022;4;490
Lind, Funk and Rosenbaum;fgeary88@alexa.com;institutional;6/17/2023;4;47
Halvorson, McCullough and Fisher;cjandourek89@usda.gov;institutional;3.6.2023;4;194
Grant-Macejkovic;pbrosenius8a@sbwire.com;institutional;8.7.2023;4;465
O'Conner, Reilly and Heller;carstall8b@fastcompany.com;institutional;7.10.2023;4;57
Lowe-Lowe;mfitzpayn8c@prweb.com;institutional;3/26/2023;4;115
Green-Hudson;mhill8d@cisco.com;institutional;6.6.2023;4;976
Crooks and Sons;cyeo8e@oakley.com;institutional;2/23/2023;4;771
Prosacco LLC;sballintime8f@bizjournals.com;institutional;11.7.2023;4;218
Price-Hegmann;maleveque8g@hp.com;institutional;9/22/2023;4;35
Frami-Koepp;rdunstone8h@issuu.com;institutional;4/15/2023;4;106
Bartoletti and Sons;bgever8i@toplist.cz;institutional;1/18/2023;4;302
Rowe, Bins and Kuhic;ddoram8j@jiathis.com;institutional;3.3.2023;4;353
Hahn, Kemmer and Bechtelar;arolfo8k@dyndns.org;institutional;11/13/2023;4;978
Howell, Wisozk and Armstrong;pcollicott8l@ow.ly;institutional;8.2.2023;4;447
Lesch Inc;fhalliburton8m@google.com.au;institutional;11.9.2023;4;442
Baumbach and Sons;kdaouse8n@buzzfeed.com;institutional;8/16/2023;4;183
Gislason-O'Hara;fnason8o@auda.org.au;institutional;8.1.2023;4;668
Waelchi LLC;vmilburne8p@seattletimes.com;institutional;9/15/2023;4;155
McKenzie-McDermott;hscatcher8q@ow.ly;institutional;6.9.2023;4;630
Borer and Sons;gcully8r@sitemeter.com;institutional;7/13/2023;4;228
Price Group;grapp8s@rakuten.co.jp;institutional;11/30/2023;4;228
Herzog-Anderson;sganny8t@ezinearticles.com;institutional;5.8.2023;4;813
Crooks and Sons;pfireman8u@arstechnica.com;institutional;10.9.2023;4;777
Goodwin-Turcotte;eschneidar8v@mashable.com;institutional;4.2.2023;4;61
Moore Inc;mstollberger8w@nationalgeographic.com;institutional;4/16/2023;4;798
Haag-Harvey;rbowden8x@thetimes.co.uk;institutional;10/13/2023;4;764
Johnston, Bosco and Blick;trudgerd8y@fema.gov;institutional;7/24/2023;4;56
Cronin, Wolff and Friesen;tclift8z@narod.ru;institutional;9/15/2023;4;581
Schuppe Inc;mcottam90@hibu.com;institutional;2/21/2023;4;632
Zboncak Inc;jlamzed91@google.it;institutional;4/22/2023;4;149
Morissette and Sons;gfreake92@xing.com;institutional;4/30/2023;4;260
Hackett, McLaughlin and Weber;vbaudou93@businessinsider.com;institutional;1/16/2023;4;975
Funk, Mueller and Stark;aminillo94@cdc.gov;institutional;7/17/2023;4;956
Gottlieb LLC;kfilipov95@walmart.com;institutional;1/19/2023;4;172
Osinski-Tillman;llafayette96@answers.com;institutional;12.6.2023;4;441
Zemlak, Reynolds and Schumm;jharris97@usnews.com;institutional;12/17/2023;4;44
Ritchie-Halvorson;whatchell98@barnesandnoble.com;institutional;8/30/2023;4;413
Armstrong, Christiansen and Kuvalis;nmouncey99@bizjournals.com;institutional;11/24/2023;4;463
Jacobs, Kshlerin and Kuvalis;zdearing9a@huffingtonpost.com;institutional;5/25/2023;4;970
Prosacco-Lockman;ktrosdall9b@yandex.ru;institutional;1/20/2023;4;317
Lehner, Tillman and Maggio;trodson9c@shareasale.com;institutional;9/18/2023;4;756
Leannon LLC;sdaverin9d@meetup.com;institutional;3/20/2023;4;769
Gleason, Weber and Cummings;zgrafom9e@craigslist.org;institutional;12.9.2023;4;796
Gleichner and Sons;epashler9f@webs.com;institutional;11.4.2023;4;480
Fahey, Ratke and Reichert;cbrandon9g@sourceforge.net;institutional;11/29/2023;4;96
Kertzmann Group;klitherborough9h@scribd.com;institutional;4/21/2023;4;277
McClure-Leuschke;cshekle9i@alibaba.com;institutional;3/30/2023;4;531
Howell, Stanton and White;mculligan9j@alibaba.com;institutional;5/29/2023;4;197
Leffler Inc;tberinger9k@time.com;institutional;5.3.2023;4;839
Abbott-Crooks;kblachford9l@nifty.com;institutional;11/14/2023;4;423
Rippin, Prosacco and Huels;evedyashkin9m@mozilla.org;institutional;9.1.2023;4;839
Thompson, Greenfelder and Kovacek;ndobrovolski9n@histats.com;institutional;12/18/2022;4;927
Roob LLC;ssextie9o@thetimes.co.uk;institutional;7/18/2023;4;296
O'Kon, Tillman and Daugherty;bkiffe9p@gnu.org;institutional;10/13/2023;4;191
Rau-Morissette;mbiasio9q@archive.org;institutional;9.5.2023;4;588
O'Conner, Pacocha and Rice;aderuggero9r@msn.com;institutional;1/14/2023;4;385
Kunde Inc;challewell9s@clickbank.net;institutional;5/25/2023;4;33
Thiel and Sons;itellenbach9t@google.com;institutional;4.5.2023;4;817
Zboncak, Gibson and Little;psabattier9u@weibo.com;institutional;4/25/2023;4;552
Farrell LLC;gmacon9v@tripod.com;institutional;12/24/2022;4;765
King and Sons;mdaughtry9w@shutterfly.com;institutional;7/29/2023;4;879
Mertz-VonRueden;smcdonough9x@va.gov;institutional;7/17/2023;4;553
Feeney, Muller and Lindgren;scowlam9y@google.fr;institutional;7/19/2023;4;431
Collins LLC;pfretwell9z@live.com;institutional;8.1.2023;4;999
Lindgren-McClure;colczaka0@hhs.gov;institutional;10.9.2023;4;548
Walker-Harris;hsnoddona1@economist.com;institutional;12/27/2022;4;240
O'Reilly, Boehm and Runolfsdottir;gleybanda2@delicious.com;institutional;6/16/2023;4;16
Runolfsson-Walter;bmarcha3@mlb.com;institutional;1.10.2023;4;437
Langosh, Borer and Metz;mborlesa4@apache.org;institutional;7/31/2023;4;320
Bahringer, Mueller and Skiles;madacota5@weibo.com;institutional;11/14/2023;4;761
Graham Inc;lreddingsa6@pcworld.com;institutional;10/15/2023;4;973
Rogahn Group;cjewissa7@oracle.com;institutional;6/17/2023;4;749
Rippin-Hermiston;lboyesa8@cnn.com;institutional;8.1.2023;4;214
Bartoletti, Langworth and Welch;gdragona9@wufoo.com;institutional;12.5.2023;4;798
Mann, Kub and Haley;lkearsleyaa@deliciousdays.com;institutional;12/28/2022;4;370
Collins, Stokes and Raynor;omaccolmab@ibm.com;institutional;8/13/2023;4;23
Koelpin LLC;lbodiamac@is.gd;institutional;7/24/2023;4;488
Grimes-Considine;lvogtad@washingtonpost.com;institutional;2.4.2023;4;473
Bayer, Nolan and Auer;ksprowellae@elegantthemes.com;institutional;4/28/2023;4;711
Blanda, Collins and Treutel;jbrakeaf@nasa.gov;institutional;4/24/2023;4;555
Lakin-Bashirian;abletcherag@mit.edu;institutional;11/26/2023;4;962
Kuhlman, Jacobs and Will;bleveneah@usa.gov;institutional;4.9.2023;4;275
Waters, Heidenreich and Jones;tbulleyai@accuweather.com;institutional;12/16/2023;4;140
Schaden, Greenfelder and Heidenreich;ctrimbleaj@umich.edu;institutional;3/30/2023;4;496
Anderson, Gibson and Little;ajoostak@topsy.com;institutional;11.6.2023;4;259
Rodriguez, Goyette and Feest;cpinnockeal@naver.com;institutional;6/15/2023;4;575
Barrows-Haley;lovenellam@themeforest.net;institutional;5/20/2023;4;672
VonRueden, Lakin and Rodriguez;eleestutan@mac.com;institutional;9.1.2023;4;472
Bartell-Gerhold;bpedrozziao@cafepress.com;institutional;5.2.2023;4;471
Johnston Group;amaccurtainap@soundcloud.com;institutional;1/15/2023;4;590
Yost-Abernathy;candriessenaq@goo.gl;institutional;2/15/2023;4;439
Gulgowski-Willms;ldanelutar@mediafire.com;institutional;8/27/2023;4;895
Ratke, Schneider and Turner;dhanrattyas@cyberchimps.com;institutional;12/24/2022;4;769
Dickinson, Roberts and Sporer;sshoveltonat@statcounter.com;institutional;2.9.2023;4;10
Ernser Group;gboramau@people.com.cn;institutional;1.4.2023;4;75
Windler Group;acliveav@opera.com;institutional;9/30/2023;4;544
Deckow-Tillman;truggaw@blogtalkradio.com;institutional;5/15/2023;4;628
Raynor, Simonis and Gusikowski;mbinhamax@blog.com;institutional;4.12.2023;4;226
Greenfelder Inc;fcardozoay@baidu.com;institutional;4/22/2023;4;157
Bernhard LLC;gtollaz@yale.edu;institutional;3/17/2023;4;738
Wyman-Kunde;dcleatorb0@4shared.com;institutional;5/16/2023;4;286
Bergstrom, Hamill and Hoppe;dfrayb1@opera.com;institutional;7/28/2023;4;983
Stamm, Wisozk and Tromp;mdunkb2@miibeian.gov.cn;institutional;3.11.2023;4;412
Reynolds and Sons;bbladonb3@instagram.com;institutional;1.6.2023;4;434
Botsford-Walter;hchallengerb4@baidu.com;institutional;12/22/2022;4;938
Batz-Nikolaus;mkemmeb5@so-net.ne.jp;institutional;3/14/2023;4;795
Abbott Inc;bdeavallb6@t-online.de;institutional;1.5.2023;4;854
Beer, Kreiger and Larson;jgatchelb7@techcrunch.com;institutional;3/23/2023;4;888
Green Inc;cmacknishb8@infoseek.co.jp;institutional;4/18/2023;4;9
Mohr, Emard and Mante;mmeaddowcroftb9@prweb.com;institutional;9.1.2023;4;289
Pfannerstill, Becker and Christiansen;efouracreba@dmoz.org;institutional;12.11.2023;4;82
Deckow Inc;lcalfbb@stumbleupon.com;institutional;10/16/2023;4;42
Conn-Schimmel;tediebc@forbes.com;institutional;4/29/2023;4;602
Boyer, Armstrong and Wisozk;bcreffieldbd@angelfire.com;institutional;9/17/2023;4;299
King-Douglas;sbrandonebe@cargocollective.com;institutional;8/17/2023;4;311
D'Amore LLC;pmaffinbf@elpais.com;institutional;9/25/2023;4;468
Brown Group;jludlammebg@rambler.ru;institutional;12/21/2022;4;542
Kuphal, Lang and Bosco;echilderhousebh@eventbrite.com;institutional;3/18/2023;4;339
Effertz-McKenzie;edillinghambi@wufoo.com;institutional;11/17/2023;4;774
Monahan-Bayer;wscammondenbj@unblog.fr;institutional;3/31/2023;4;759
Connelly LLC;bsisnettbk@sogou.com;institutional;5.1.2023;4;45
Steuber Group;mabbsbl@wikimedia.org;institutional;3/23/2023;4;784
Herman, Gleason and Satterfield;rscaddonbm@businesswire.com;institutional;10.1.2023;4;403
Adams and Sons;aduesburybn@4shared.com;institutional;2.10.2023;4;714
Langosh-Dibbert;cjakubiakbo@sfgate.com;institutional;7.2.2023;4;887
Walker Group;bmeadowcroftbp@washingtonpost.com;institutional;5.5.2023;4;607
Lueilwitz Group;mwhittenbq@ed.gov;institutional;2.3.2023;4;676
Ankunding Group;ddunguybr@usgs.gov;institutional;4/15/2023;4;821
Volkman, Collins and Nolan;mgainsboroughbs@google.com;institutional;4.10.2023;4;281
Jacobi-Okuneva;cfowgiesbt@whitehouse.gov;institutional;1.9.2023;4;876
Daniel, Haley and Wilkinson;wfontebu@discovery.com;institutional;6.3.2023;4;51
Barton-Feeney;eandoverbv@aol.com;institutional;12/22/2022;4;613
Littel Group;egarronbw@ovh.net;institutional;11/23/2023;4;762
Willms Group;vdunbobbinbx@ebay.com;institutional;1.9.2023;4;849
Anderson-Yundt;owherrettby@storify.com;institutional;11.3.2023;4;629
Morissette, Littel and Bernier;wworsombz@java.com;institutional;1.5.2023;4;432
Prosacco, Beier and Graham;emcghiec0@google.co.uk;institutional;4.3.2023;4;437
Will-Hayes;jtiemanc1@tiny.cc;institutional;12.10.2023;4;237
Stiedemann and Sons;agurtonc2@symantec.com;institutional;6/30/2023;4;358
Wyman, VonRueden and Cummings;smacmarcuisc3@dedecms.com;institutional;5/18/2023;4;370
Reinger-Lubowitz;dwissbeyc4@elpais.com;institutional;2/16/2023;4;852
Collins-Corwin;kmatsonc5@topsy.com;institutional;5.7.2023;4;628
Blanda and Sons;ebruhkec6@delicious.com;institutional;7/27/2023;4;721
Feest, Deckow and Nader;cblumsonc7@xrea.com;institutional;7/24/2023;4;631
Mills Inc;dvedikhovc8@istockphoto.com;institutional;9.5.2023;4;743
Lakin and Sons;mhinckleyc9@ycombinator.com;institutional;11.11.2023;4;184
Howell Inc;jmunfordca@google.com.br;institutional;9/13/2023;4;118
Farrell-Gottlieb;bfaleycb@archive.org;institutional;11/28/2023;4;973
Bauch, Ratke and Keeling;atubblecc@paginegialle.it;institutional;10/14/2023;4;113
Crona-Heaney;fdarrigrandcd@posterous.com;institutional;3/31/2023;4;130
Koepp Group;vvanichkince@yellowbook.com;institutional;4.10.2023;4;207
Mayert-Williamson;tfinnemorecf@harvard.edu;institutional;11/14/2023;4;867
Hammes-Morissette;lomalleycg@mapquest.com;institutional;7.8.2023;4;697
Dickens-Orn;rtincombech@1688.com;institutional;11.6.2023;4;469
Bauch, Aufderhar and Bashirian;kbembriggci@oracle.com;institutional;5.3.2023;4;931
Stokes, Hahn and Wunsch;nsleightholmcj@newsvine.com;institutional;11/21/2023;4;976
O'Connell-Powlowski;gpickworthck@phoca.cz;institutional;6.12.2023;4;265
Metz-Adams;vwhitmarshcl@mayoclinic.com;institutional;9.4.2023;4;177
Padberg, Goodwin and Murray;zdaniellicm@cocolog-nifty.com;institutional;2/27/2023;4;474
Schneider, Cassin and Grant;lmckitterickcn@samsung.com;institutional;2/20/2023;4;396
Moen, Kirlin and Conn;hhyattco@chronoengine.com;institutional;12.6.2023;4;980
Batz-Paucek;khatherillcp@hao123.com;institutional;10/18/2023;4;997
Braun Group;bradagecq@fc2.com;institutional;12.6.2023;4;988
Nienow Inc;ihaseldencr@census.gov;institutional;11.9.2023;4;672
Hudson, MacGyver and Johnston;efrerecs@gmpg.org;institutional;4/25/2023;4;715
Lowe LLC;kcracoect@google.ca;institutional;3/20/2023;4;77
Ferry, Nicolas and Heathcote;iwarbeyscu@hugedomains.com;institutional;2/18/2023;4;70
O'Connell-Wisoky;mfincicv@noaa.gov;institutional;5/16/2023;4;786
Rippin-Terry;zsculleycw@buzzfeed.com;institutional;12/24/2022;4;360
Maggio, Towne and Bogan;ndewancx@princeton.edu;institutional;2/16/2023;4;43
Homenick-Streich;cbloxlandcy@merriam-webster.com;institutional;9/30/2023;4;495
Nolan-Yundt;bmccurlyecz@nyu.edu;institutional;10/22/2023;4;976
Stoltenberg, Kassulke and Predovic;cchinneryd0@blogs.com;institutional;5/26/2023;4;869
Prohaska Inc;nmcswand1@networksolutions.com;institutional;12/18/2022;4;726
Cole, Lang and McGlynn;bwhatmand2@cocolog-nifty.com;institutional;1/22/2023;4;302
Schulist and Sons;hwillischd3@answers.com;institutional;4.10.2023;4;594
Cormier-Quigley;wwalklingd4@tinypic.com;institutional;11/27/2023;4;80
Armstrong-O'Keefe;tandrzejewskid5@msn.com;institutional;12.7.2023;4;904
Paucek LLC;mogdahld6@dailymotion.com;institutional;12.1.2023;4;739
Kunde-Kilback;kdudlistond7@yahoo.co.jp;institutional;4/13/2023;4;266
Pagac-Prosacco;djennerd8@newsvine.com;institutional;3.4.2023;4;165
Durgan Inc;varchibouldd9@livejournal.com;institutional;3.6.2023;4;708
Mills, Bernier and Koch;kbrutyda@craigslist.org;institutional;8/31/2023;4;767
Donnelly-Abbott;nrosewalldb@nba.com;institutional;12/19/2022;4;319
Kris Group;csuggedc@dailymail.co.uk;institutional;4.5.2023;4;655
McDermott, Waters and Koepp;lbevissdd@hud.gov;institutional;12.12.2023;4;701
Cremin-Waters;jgeerdtsde@alibaba.com;institutional;5/28/2023;4;442
Spinka-Hand;rdoyleydf@geocities.jp;institutional;3.4.2023;4;39
Stanton LLC;scasindg@prnewswire.com;institutional;7.5.2023;4;810
Gusikowski, Hahn and Jenkins;dpoulneydh@vk.com;institutional;7/26/2023;4;330
Leuschke, Cummings and Haag;everteydi@unesco.org;institutional;12/26/2022;4;49
Parisian-Smith;cscrynedj@imgur.com;institutional;6.12.2023;4;405
Kihn, Conn and Kassulke;hgiorgionedk@toplist.cz;institutional;4/28/2023;4;431
Baumbach Group;okinnindl@cbsnews.com;institutional;10/29/2023;4;374
Watsica-Hilpert;afolbigdm@timesonline.co.uk;institutional;5.2.2023;4;749
Wiegand-Dach;sbisacredn@chicagotribune.com;institutional;12.10.2023;4;369
Prohaska-Dickens;dcollindo@goo.ne.jp;institutional;9.3.2023;4;112
Bernhard, Goldner and Leffler;medelheitdp@trellian.com;institutional;6.5.2023;4;435
Dickens, Terry and Jerde;sgentrydq@cdbaby.com;institutional;6/15/2023;4;400
Stanton, Reinger and Bradtke;sblandendr@meetup.com;institutional;8.3.2023;4;518
Cremin and Sons;riglesiazds@psu.edu;institutional;11.12.2023;4;719
Goldner-Conn;kolunneydt@usatoday.com;institutional;2/17/2023;4;387
Graham, Hartmann and Rath;crobbekedu@feedburner.com;institutional;2/25/2023;4;872
Hessel-Kuhlman;mespydv@bravesites.com;institutional;3.5.2023;4;260